{
	"pattrstorage" : 	{
		"name" : "presets",
		"slots" : 		{
			"1" : 			{
				"id" : 1,
				"data" : 				{
					"masterGain" : [  ],
					"tuning" : [ 440.0 ],
					"size" : [ 0.5 ],
					"hit_pos" : [ 0.5 ],
					"damping" : [ 0.5 ],
					"overtones" : [ 0.52 ],
					"click_shape" : [ 0.0, 0.0, 0.725135631199124, 0.604581081414524, 0.499095850353, 0.453887894183775, 0.363471981845325, 0.363471981845325, 0.34840266312225, 0.34840266312225, 0.363471981845325, 0.3785413005684, 0.393610619291475, 0.4388185754607, 0.461422553545312, 0.484026531629925, 0.52923448779915, 0.559373125245299, 0.58951176269145, 0.6196504001376, 0.64978903758375, 0.679927675029899, 0.634719718860674, 0.58951176269145, 0.544303806522225, 0.536769147160687, 0.52923448779915, 0.52923448779915, 0.52923448779915, 0.52923448779915, 0.544303806522225, 0.5593731252453, 0.574442443968375, 0.58951176269145, 0.604581081414524, 0.634719718860674, 0.64978903758375, 0.664858356306825, 0.664858356306825, 0.6196504001376, 0.604581081414524, 0.559373125245299, 0.551838465883762, 0.544303806522225, 0.52923448779915, 0.514165169076075, 0.499095850353, 0.499095850353, 0.499095850353, 0.499095850353, 0.484026531629925, 0.484026531629925, 0.484026531629925, 0.484026531629925, 0.484026531629925, 0.484026531629925, 0.491561190991462, 0.499095850353, 0.514165169076075, 0.52923448779915, 0.536769147160687, 0.544303806522225, 0.559373125245299, 0.634719718860674 ],
					"amps" : [ 0.0, 0.64978903758375, 0.725135631199124, 0.755274268645274, 0.694996993752975, 0.58951176269145, 0.499095850353, 0.4388185754607, 0.40867993801455, 0.40867993801455, 0.4388185754607, 0.499095850353, 0.559373125245299, 0.6196504001376, 0.634719718860674, 0.514165169076075 ],
					"noiz_env" : [ 1000.0, 0.0, 1.0, 0.0, 0.889836539083452, 0, 0.0, 778.655957091938376, 0.0, 0, -0.795, "curve" ],
					"pitch_env_curve" : [ 0.095 ],
					"pitch_env_dur" : [ 250.0 ],
					"pitch_env_range" : [ 0.0 ],
					"nz_env_dur" : [ 0.0 ]
				}

			}
,
			"2" : 			{
				"id" : 2,
				"data" : 				{
					"masterGain" : [  ],
					"tuning" : [ 37.399999999999999 ],
					"size" : [ 0.2 ],
					"hit_pos" : [ 0.88 ],
					"damping" : [ 0.021 ],
					"overtones" : [ 0.67 ],
					"click_shape" : [ 0.651073226445838, 0.651073226445838, 0.618051763576797, 0.618051763576797, 0.618051763576797, 0.19977990056895, 0.463951603521275, 0.614382712146904, 0.61071366071701, 0.607044609287117, 0.601541032142277, 0.596037454997437, 0.77215192363232, 0.662080380735518, 0.607044609287117, 0.552008837838716, 0.265822826307031, 0.441937294941914, 0.408915832072874, 0.364887214914153, 0.331865752045112, 0.315355020610592, 0.298844289176072, 0.265822826307031, 0.265822826307031, 0.265822826307031, 0.265822826307031, 0.276829980596711, 0.309851443465752, 0.342872906334793, 0.441937294941914, 0.552008837838716, 0.673087535025198, 0.629058917866477, 0.563015992128396, 0.535498106404196, 0.507980220679995, 0.474958757810955, 0.430930140652234, 0.397908677783193, 0.386901523493513, 0.364887214914153, 0.353880060624473, 0.353880060624473, 0.353880060624473, 0.353880060624473, 0.353880060624473, 0.364887214914153, 0.386901523493513, 0.408915832072874, 0.419922986362554, 0.430930140652234, 0.441937294941914, 0.441937294941914, 0.452944449231594, 0.452944449231594, 0.441937294941914, 0.430930140652234, 0.419922986362554, 0.408915832072874, 0.375894369203833, 0.364887214914153, 0.342872906334793, 0.309851443465752 ],
					"amps" : [ 0.473858044871801, 0.627958204927324, 0.837094136431247, 0.341772193395639, 0.253714959078197, 1.0, 0.220693496209157, 0.903137062169329, 0.308750730526598, 0.605943896347963, 0.760044056403486, 0.462850890582121, 0.220693496209157, 0.98018714219709, 0.660979667796364, 0.749036902113806 ],
					"noiz_env" : [ 1000.0, 0.0, 1.0, 0.0, 0.889836539083452, 0, 0.0, 778.655957091938376, 0.0, 0, -0.945, "curve" ],
					"pitch_env_curve" : [ 0.73 ],
					"pitch_env_dur" : [ 50.0 ],
					"pitch_env_range" : [ 12.0 ],
					"nz_env_dur" : [ 53.299999999999997 ]
				}

			}
,
			"3" : 			{
				"id" : 3,
				"data" : 				{
					"masterGain" : [  ],
					"tuning" : [ 37.399999999999999 ],
					"size" : [ 0.2 ],
					"hit_pos" : [ 0.88 ],
					"damping" : [ 0.021 ],
					"overtones" : [ 0.67 ],
					"click_shape" : [ 0.433738062653361, 0.485404298275332, 0.52415397499181, 0.52415397499181, 0.52415397499181, 0.52415397499181, 0.52415397499181, 0.52415397499181, 0.52415397499181, 0.52415397499181, 0.52415397499181, 0.52415397499181, 0.52415397499181, 0.52415397499181, 0.52415397499181, 0.52415397499181, 0.52415397499181, 0.52415397499181, 0.52415397499181, 0.52415397499181, 0.239989679070968, 0.52415397499181, 0.52415397499181, 0.52415397499181, 0.52415397499181, 0.52415397499181, 0.52415397499181, 0.52415397499181, 0.517695695539064, 0.511237416086318, 0.498320857180825, 0.491862577728078, 0.485404298275332, 0.472487739369839, 0.446654621558853, 0.433738062653361, 0.420821503747868, 0.394988385936882, 0.369155268125896, 0.782485153101668, 0.317489032503925, 0.311030753051178, 0.304572473598432, 0.278739355787446, 0.511237416086318, 0.214156561259982, 0.207698281807236, 0.188323443448996, 0.188323443448996, 0.162490325638011, 0.149573766732518, 0.97623353668406, 0.123740648921532, 0.110824090016039, 0.110824090016039, 0.097907531110546, 0.084990972205053, 0.084990972205053, 0.072074413299561, 0.072074413299561, 0.588736769519275, 0.046241295488575, 0.046241295488575, 0.0 ],
					"amps" : [ 0.473858044871801, 0.627958204927324, 0.837094136431247, 0.341772193395639, 0.253714959078197, 1.0, 0.220693496209157, 0.903137062169329, 0.308750730526598, 0.605943896347963, 0.760044056403486, 0.462850890582121, 0.220693496209157, 0.98018714219709, 0.660979667796364, 0.749036902113806 ],
					"noiz_env" : [ 1000.0, 0.0, 1.0, 0.0, 0.889836539083452, 0, 0.0, 778.655957091938376, 0.0, 0, -0.845, "curve" ],
					"pitch_env_curve" : [ 0.73 ],
					"pitch_env_dur" : [ 50.0 ],
					"pitch_env_range" : [ 12.0 ],
					"nz_env_dur" : [ 53.299999999999997 ]
				}

			}
,
			"4" : 			{
				"id" : 4,
				"data" : 				{
					"masterGain" : [  ],
					"tuning" : [ 20.0 ],
					"size" : [ 0.07 ],
					"hit_pos" : [ 0.437 ],
					"damping" : [ 0.021 ],
					"overtones" : [ 0.69 ],
					"click_shape" : [ 0.433738062653361, 0.485404298275332, 0.52415397499181, 0.52415397499181, 0.52415397499181, 0.769568594196175, 0.782485153101668, 0.79540171200716, 0.52415397499181, 0.356238709220403, 0.407904944842375, 0.485404298275332, 0.537070533897303, 0.562903651708289, 0.549987092802796, 0.549987092802796, 0.511237416086318, 0.485404298275332, 0.433738062653361, 0.394988385936882, 0.382071827031389, 0.382071827031389, 0.382071827031389, 0.227073120165475, 0.407904944842375, 0.537070533897303, 0.653319564046739, 0.70498579966871, 0.730818917479696, 0.730818917479696, 0.756652035290682, 0.756652035290682, 0.769568594196175, 0.769568594196175, 0.446654621558853, 0.433738062653361, 0.420821503747868, 0.394988385936882, 0.369155268125896, 0.782485153101668, 0.317489032503925, 0.311030753051178, 0.304572473598432, 0.278739355787446, 0.394988385936882, 0.214156561259982, 0.207698281807236, 0.188323443448996, 0.188323443448996, 0.162490325638011, 0.149573766732518, 0.97623353668406, 0.123740648921532, 0.110824090016039, 0.110824090016039, 0.097907531110546, 0.084990972205053, 0.084990972205053, 0.072074413299561, 0.072074413299561, 0.588736769519275, 0.046241295488575, 0.046241295488575, 0.0 ],
					"amps" : [ 0.473858044871801, 0.627958204927324, 0.837094136431247, 0.341772193395639, 0.253714959078197, 1.0, 0.220693496209157, 0.903137062169329, 0.308750730526598, 0.605943896347963, 0.760044056403486, 0.462850890582121, 0.220693496209157, 0.98018714219709, 0.660979667796364, 0.749036902113806 ],
					"noiz_env" : [ 1000.0, 0.0, 1.0, 0.0, 0.889836539083452, 0, 0.0, 778.655957091938376, 0.0, 0, -0.945, "curve" ],
					"pitch_env_curve" : [ 0.73 ],
					"pitch_env_dur" : [ 50.0 ],
					"pitch_env_range" : [ 12.0 ],